{
  "dataset": "imdb",
  "dataset_path": null,
  "seed": 42,
  "preprocess": "aggressive",
  "vectorizer": "tfidf",
  "model": "logreg",
  "max_features": 20000,
  "ngram_max": 1,
  "replace_number": false,
  "drop_punct": false,
  "splits": {
    "train": 40000,
    "val": 5000,
    "test": 5000
  },
  "val": {
    "accuracy": 0.9014,
    "macro_f1": 0.9013871842784689,
    "weighted_f1": 0.9013871842784688,
    "labels": [
      "negative",
      "positive"
    ],
    "classification_report": {
      "negative": {
        "precision": 0.9107654523127302,
        "recall": 0.89,
        "f1-score": 0.9002629981792434,
        "support": 2500.0
      },
      "positive": {
        "precision": 0.892452092295659,
        "recall": 0.9128,
        "f1-score": 0.9025113703776942,
        "support": 2500.0
      },
      "accuracy": 0.9014,
      "macro avg": {
        "precision": 0.9016087723041946,
        "recall": 0.9014,
        "f1-score": 0.9013871842784689,
        "support": 5000.0
      },
      "weighted avg": {
        "precision": 0.9016087723041947,
        "recall": 0.9014,
        "f1-score": 0.9013871842784688,
        "support": 5000.0
      }
    }
  },
  "test": {
    "accuracy": 0.8998,
    "macro_f1": 0.8997830633377041,
    "weighted_f1": 0.8997830633377042,
    "labels": [
      "negative",
      "positive"
    ],
    "classification_report": {
      "negative": {
        "precision": 0.9104722792607803,
        "recall": 0.8868,
        "f1-score": 0.8984802431610942,
        "support": 2500.0
      },
      "positive": {
        "precision": 0.8896686159844055,
        "recall": 0.9128,
        "f1-score": 0.901085883514314,
        "support": 2500.0
      },
      "accuracy": 0.8998,
      "macro avg": {
        "precision": 0.9000704476225929,
        "recall": 0.8997999999999999,
        "f1-score": 0.8997830633377041,
        "support": 5000.0
      },
      "weighted avg": {
        "precision": 0.9000704476225928,
        "recall": 0.8998,
        "f1-score": 0.8997830633377042,
        "support": 5000.0
      }
    }
  },
  "generated_at": "2026-04-21T10:04:45.929205+00:00",
  "notes": "Split trước, fit vectorizer trên train, evaluate trên val/test để tránh leakage."
}